title,price,imgApple iPhone 14 (128 GB) - Red,EGP 35000.00,https://m.media-amazon.com/images/I/611mRs-imxL._AC_UL320_.jpg
Apple iPhone 14 Pro Max (256 GB) - Gold,EGP 57597.00,https://m.media-amazon.com/images/I/71T5NVOgbpL._AC_UL320_.jpg
Apple iPhone 14 Pro Max (256 GB) - Deep Purple,Null,https://m.media-amazon.com/images/I/71yzJoE7WlL._AC_UL320_.jpg
Apple iPhone 14 Pro Max (128 GB) - Deep Purple - Physical Dual Sim,EGP 58500.00,https://m.media-amazon.com/images/I/71yzJoE7WlL._AC_UL320_.jpg
Apple iPhone 13 Pro Max 256GB Blue,EGP 45700.00,https://m.media-amazon.com/images/I/61i8Vjb17SL._AC_UL320_.jpg
Apple Iphone X With Facetime - 256 GB. 4G LTE. Silver. 3 GB Ram. Single Sim,EGP 12499.00,https://m.media-amazon.com/images/I/51wfPsYKljL._AC_UL320_.jpg
New Apple iPhone 13 with FaceTime (128GB) - Midnight,EGP 28999.00,https://m.media-amazon.com/images/I/61VuVU94RnL._AC_UL320_.jpg
New Apple iPhone 14 Pro Max (256 GB) - Space Black,Null,https://m.media-amazon.com/images/I/610pghkO81L._AC_UL320_.jpg
New Apple iPhone 14 Plus (256 GB) - Midnight,EGP 38500.00,https://m.media-amazon.com/images/I/61B0+qQriPL._AC_UL320_.jpg
Apple iPhone 14 Pro Max (256 GB) - Gold - Physical Dual Sim,EGP 58800.00,https://m.media-amazon.com/images/I/71T5NVOgbpL._AC_UL320_.jpg
Apple iPhone 12 Pro 256GB 6 GB RAM. Silver,EGP 28500.00,https://m.media-amazon.com/images/I/71gquzn6vIL._AC_UL320_.jpg
Apple iPhone 14 Pro (256 GB) - Deep Purple,Null,https://m.media-amazon.com/images/I/61HHS0HrjpL._AC_UL320_.jpg
Apple iPhone 11 with FaceTime - 128GB. 4GB RAM. 4G LTE. Black. Single SIM & E-SIM,Null,https://m.media-amazon.com/images/I/71i2XhHU3pL._AC_UL320_.jpg
Apple iPhone 14 Pro (256 GB) - Silver,EGP 51000.00,https://m.media-amazon.com/images/I/61lKQWyMdDL._AC_UL320_.jpg
Apple iPhone 14 Pro (256 GB) - Deep Purple,Null,https://m.media-amazon.com/images/I/61HHS0HrjpL._AC_UL320_.jpg
New Apple iPhone 13 Pro with Facetime (128GB) - Sierra Blue,EGP 39600.00,https://m.media-amazon.com/images/I/61jLiCovxVL._AC_UL320_.jpg
Apple Iphone X With Facetime - 64 GB. 4G LTE. Silver. 3 GB Ram. Single Sim,Null,https://m.media-amazon.com/images/I/41EsVxr5CiL._AC_UL320_.jpg
Apple iPhone 11 with FaceTime - 128GB. 4GB RAM. 4G LTE. Black. Single SIM & E-SIM - MWM02J/A,EGP 18500.00,https://m.media-amazon.com/images/I/61jS27nNXfL._AC_UL320_.jpg
Apple iPhone 12 Pro Max 256GB 6 GB RAM. Gold,Null,https://m.media-amazon.com/images/I/71fJ-gmBZtL._AC_UL320_.jpg
Apple iPhone 14 Pro (128 GB) - Silver,EGP 45500.00,https://m.media-amazon.com/images/I/61lKQWyMdDL._AC_UL320_.jpg
Apple iPhone 11 with FaceTime - 128GB. 4GB RAM. 4G LTE. White. Single SIM & E-SIM,Null,https://m.media-amazon.com/images/I/71kZfQA-Y7L._AC_UL320_.jpg
New Apple iPhone 13 (128 GB) - Green,EGP 29000.00,https://m.media-amazon.com/images/I/61iXV8JYv-L._AC_UL320_.jpg
Apple iPhone 11 Pro Max with FaceTime - 256GB. 4GB RAM. 4G LTE. Space Gray. Single SIM & E-SIM,Null,https://m.media-amazon.com/images/I/81bsgUsPM-L._AC_UL320_.jpg
Apple Iphone XS With Facetime - 64 GB. 4G LTE. Silver. 4 GB Ram. Single Sim & E-Sim,EGP 18200.00,https://m.media-amazon.com/images/I/71sITK2GB1L._AC_UL320_.jpg
Apple iPhone 13 Pro Max with FaceTime - 128GB. 6GB RAM. 4G Let. Sierra Blue. Single Sim,Null,https://m.media-amazon.com/images/I/614fbeOTjDL._AC_UL320_.jpg
Apple Iphone XS Max With Facetime - 512 GB. 4G LTE. Space Grey. 4 GB Ram. Single Sim & E-Sim,EGP 22500.00,https://m.media-amazon.com/images/I/710ktGENY6L._AC_UL320_.jpg
Apple iPhone SE - 128GB. 3GB RAM. 4G LTE. Black - Single SIM and E-SIM,Null,https://m.media-amazon.com/images/I/71d8rRxQ4fS._AC_UL320_.jpg
Apple iPhone 12 128GB 4 GB RAM. Blue,Null,https://m.media-amazon.com/images/I/71ZOtNdaZCL._AC_UL320_.jpg
Apple iPhone 11 Pro with FaceTime - 256GB. 4GB RAM. 4G LTE. Midnight Green. Single SIM & E-SIM,Null,https://m.media-amazon.com/images/I/71OVzcAbJBL._AC_UL320_.jpg
Apple iPhone 11 with FaceTime - 64GB. 4GB RAM. 4G LTE. White. Single SIM & E-SIM,Null,https://m.media-amazon.com/images/I/71kZfQA-Y7L._AC_UL320_.jpg
Apple iPhone 7 Plus with FaceTime - 128GB. 4G LTE. Gold - Certified Pre Owned,EGP 8699.00,https://m.media-amazon.com/images/I/61xm5vIu9mL._AC_UL320_.jpg
Apple iPhone 13 Pro Max with FaceTime - 128GB. 6GB RAM. 4G Lte. Graphite Black. Single Sim,Null,https://m.media-amazon.com/images/I/317CaqNXU8L._AC_UL320_.jpg
Apple iPhone 11 with FaceTime - 64GB. 4GB RAM. 4G LTE. Green. Single SIM & E-SIM,EGP 19500.00,https://m.media-amazon.com/images/I/71Dh+NR7ivL._AC_UL320_.jpg
New Apple iPhone 13 Pro Max (1 TB) - Alpine Green,EGP 47000.00,https://m.media-amazon.com/images/I/611ovP2GkrL._AC_UL320_.jpg
iPhone 13 mini 128GB Blue,EGP 28000.00,https://m.media-amazon.com/images/I/71uVYy3PbCL._AC_UL320_.jpg
Apple Iphone 8 Plus With Facetime - 64.4G. Space Grey. 3 GB Ram. Single Sim,Null,https://m.media-amazon.com/images/I/613kmdycTvL._AC_UL320_.jpg
Apple iPhone 11 with FaceTime - 64GB. 4GB RAM. 4G LTE. Black. Single SIM & E-SIM,Null,https://m.media-amazon.com/images/I/71iO2R+CLjL._AC_UL320_.jpg
iPhone 12 Pro 128GB Graphite,EGP 30500.00,https://m.media-amazon.com/images/I/71YlH-4MUQL._AC_UL320_.jpg
Apple iPhone 11 (128GB) - White,Null,https://m.media-amazon.com/images/I/71qG2gcQJKL._AC_UL320_.jpg
Apple iPhone 13 with FaceTime - 128GB. 4GB RAM. 4G LTE. Sierra Blue. Single SIM & E-SIM - International Warranty,Null,https://m.media-amazon.com/images/I/71xb2xkN5qL._AC_UL320_.jpg
Apple iPhone 13 with FaceTime - 128GB. 4GB RAM. 4G LTE. Pink. Single SIM & E-SIM - International Warranty,Null,https://m.media-amazon.com/images/I/61l9ppRIiqL._AC_UL320_.jpg
Apple iPhone 13 128GB Pink,Null,https://m.media-amazon.com/images/I/61p1I5f5ApL._AC_UL320_.jpg
Apple iPhone 11 with FaceTime - 128GB 4GB RAM 4G LTE Green Single SIM E-SIM - MHDN3AAA,Null,https://m.media-amazon.com/images/I/51dZWg+BdKL._AC_UL320_.jpg
Apple iPhone 7 Plus with FaceTime - 128GB. 4G LTE. Jet Black,EGP 8699.00,https://m.media-amazon.com/images/I/418-6Hy1X6L._AC_UL320_.jpg
Apple iPhone 13 Pro Max with FaceTime - 256GB. 6GB RAM. 4G LTE. Gold. Single SIM & E-SIM,Null,https://m.media-amazon.com/images/I/61Qkw0q78bL._AC_UL320_.jpg
Apple Iphone XR With Face Time - 128 GB. 4G LTE. Coral. 3 GB Ram. Single Sim & E-Sim,EGP 18000.00,https://m.media-amazon.com/images/I/61uqusSK+9L._AC_UL320_.jpg
New Apple iPhone 13 Pro Max (512 GB) - Alpine Green,Null,https://m.media-amazon.com/images/I/611ovP2GkrL._AC_UL320_.jpg
Apple iPhoneÃ‚ 12 Pro Max 256GB 6 GB RAM Dual Sim. PacificÃ‚ Blue,EGP 38110.00,https://m.media-amazon.com/images/I/41XFqLNb3nS._AC_UL320_.jpg
Apple iPhone 13 Pro Max with FaceTime - 256GB. 6GB RAM. 4G LTE. Silver. Single SIM & E-SIM,Null,https://m.media-amazon.com/images/I/61lbt1YPMaL._AC_UL320_.jpg
Apple iPhone 13 Pro Max 256GB Gold,Null,https://m.media-amazon.com/images/I/51kKr8YwVML._AC_UL320_.jpg
Apple iPhone 13 with FaceTime (256GB) - Blue,Null,https://m.media-amazon.com/images/I/71H8ipbuxoL._AC_UL320_.jpg
Apple Iphone 8 With Facetime - 64 GB. 4G LTE. Gold. 2 GB Ram. Single Sim - 2724468347214,Null,https://m.media-amazon.com/images/I/51TMnJnqd+L._AC_UL320_.jpg
Apple iPhone 12 Pro with Facetime - 256GB. 5G. Gold - Middle East Version,Null,https://m.media-amazon.com/images/I/71cSV-RTBSL._AC_UL320_.jpg
Apple Mac Mini With M1 Chip (8gb Ram. 512gb Ssd) 2020,Null,https://m.media-amazon.com/images/I/71SeGhcjXWS._AC_UL320_.jpg
Apple iPhone 11 Pro with FaceTime - 256GB. 4GB RAM. 4G LTE. Space Gray. Single SIM & E-SIM,EGP 27500.00,https://m.media-amazon.com/images/I/41YzVr2vicL._AC_UL320_.jpg
Apple iPhone 12 Pro Max 128GB 6 GB RAM Dual Sim. Graphite,EGP 33500.00,https://m.media-amazon.com/images/I/31+OfGSLI4S._AC_UL320_.jpg
Apple iPhone 11 with FaceTime - 128GB. 4GB RAM. 4G LTE. Yellow. Single SIM & E-SIM,Null,https://m.media-amazon.com/images/I/31EjD-0eZ7L._AC_UL320_.jpg
Apple iPhone 11 with Facetime - 128GB. 4G LTE. (2020- Slim Packing ) Yellow - International Version,Null,https://m.media-amazon.com/images/I/71Z8C1zRgAL._AC_UL320_.jpg
Apple Iphone XS Max With Facetime - 64 GB. 4G LTE. Silver. 4 GB Ram. Single Sim & E-Sim,Null,https://m.media-amazon.com/images/I/6184ZQjelFL._AC_UL320_.jpg
Apple Iphone XR With Face Time - 64 GB. 4G LTE. Red. 3 GB Ram. Single Sim & E-Sim,Null,https://m.media-amazon.com/images/I/51f8siOV70S._AC_UL320_.jpg
Apple iPhone 13 with FaceTime (256GB) - Midnight,Null,https://m.media-amazon.com/images/I/61BUt5ZErdL._AC_UL320_.jpg
Apple iPhone 11 Pro with FaceTime - 256GB. 4GB RAM. 4G LTE. Single SIM and E-SIM,EGP 32800.00,https://m.media-amazon.com/images/I/71VSJrTpHSL._AC_UL320_.jpg
New Apple iPhone 14 Pro (128 GB) - Deep Purple,EGP 52500.00,https://m.media-amazon.com/images/I/61HHS0HrjpL._AC_UL320_.jpg
Apple iPhone 11 Pro Max with FaceTime - 64GB. 4GB RAM. 4G LTE. Silver. Single SIM & E-SIM,EGP 26000.00,https://m.media-amazon.com/images/I/71Ou7ECDIPL._AC_UL320_.jpg
New Apple iPhone 13 Pro (1 TB) - Alpine Green,EGP 48000.00,https://m.media-amazon.com/images/I/61AwGDDZd3L._AC_UL320_.jpg
Apple iPhone 12 256GB 4 GB RAM. Blue,EGP 29900.00,https://m.media-amazon.com/images/I/41uZYsFb6VS._AC_UL320_.jpg
Apple iPhone 11 with FaceTime - 64GB. 4GB RAM. 4G LTE. Purple. Single SIM & E-SIM,EGP 18000.00,https://m.media-amazon.com/images/I/31uqVpHjSKL._AC_UL320_.jpg
Apple Single Sim & E-SIM iPhone 11 with FaceTime - 256GB. 4GB RAM. 4G Lte Red,EGP 28600.00,https://m.media-amazon.com/images/I/41jOp3gXuwL._AC_UL320_.jpg
Apple iPhone 11 Pro Max with FaceTime - 64GB. 4GB RAM. 4G LTE. Midnight Green. Dual SIM,EGP 28900.00,https://m.media-amazon.com/images/I/31xRV8jGzJL._AC_UL320_.jpg
Apple iPhone 11 Pro with FaceTime Dual SIM - 64GB. 4GB RAM. 4G LTE. Gold,EGP 26000.00,https://m.media-amazon.com/images/I/71gUujQ7toL._AC_UL320_.jpg
Apple iPhone 11 Pro Max Dual SIM with FaceTime - 64GB. 4GB RAM. 4G LTE. Silver,EGP 28400.00,https://m.media-amazon.com/images/I/71Ss-fT55eL._AC_UL320_.jpg
Apple iPhone 11 Pro with FaceTime - 64GB. 4GB RAM. 4G LTE. Space Gray. Dual SIM,EGP 28000.00,https://m.media-amazon.com/images/I/71sVAa9evmL._AC_UL320_.jpg
Apple iPhone 11 with Facetime - 256GB. 4G LTE. White -International Version,EGP 27300.00,https://m.media-amazon.com/images/I/71kZfQA-Y7L._AC_UL320_.jpg
Apple iPhone 11 with Facetime - 256GB. 4G LTE. Green - International Version,EGP 27300.00,https://m.media-amazon.com/images/I/71Dh+NR7ivL._AC_UL320_.jpg
Apple iPhone 14 (128 GB) - Red,EGP 35000.00,https://m.media-amazon.com/images/I/611mRs-imxL._AC_UL320_.jpg
Apple iPhone 14 Pro Max (256 GB) - Gold,EGP 57597.00,https://m.media-amazon.com/images/I/71T5NVOgbpL._AC_UL320_.jpg
Apple iPhone 14 Pro Max (256 GB) - Deep Purple,Null,https://m.media-amazon.com/images/I/71yzJoE7WlL._AC_UL320_.jpg
Apple iPhone 14 Pro Max (128 GB) - Deep Purple - Physical Dual Sim,EGP 58500.00,https://m.media-amazon.com/images/I/71yzJoE7WlL._AC_UL320_.jpg
Apple iPhone 13 Pro Max 256GB Blue,EGP 45700.00,https://m.media-amazon.com/images/I/61i8Vjb17SL._AC_UL320_.jpg
Apple Iphone X With Facetime - 256 GB. 4G LTE. Silver. 3 GB Ram. Single Sim,EGP 12499.00,https://m.media-amazon.com/images/I/51wfPsYKljL._AC_UL320_.jpg
New Apple iPhone 13 with FaceTime (128GB) - Midnight,EGP 28999.00,https://m.media-amazon.com/images/I/61VuVU94RnL._AC_UL320_.jpg
New Apple iPhone 14 Pro Max (256 GB) - Space Black,Null,https://m.media-amazon.com/images/I/610pghkO81L._AC_UL320_.jpg
New Apple iPhone 14 Plus (256 GB) - Midnight,EGP 38500.00,https://m.media-amazon.com/images/I/61B0+qQriPL._AC_UL320_.jpg
Apple iPhone 14 Pro Max (256 GB) - Gold - Physical Dual Sim,EGP 58800.00,https://m.media-amazon.com/images/I/71T5NVOgbpL._AC_UL320_.jpg
Apple iPhone 12 Pro 256GB 6 GB RAM. Silver,EGP 28500.00,https://m.media-amazon.com/images/I/71gquzn6vIL._AC_UL320_.jpg
Apple iPhone 14 Pro (256 GB) - Deep Purple,Null,https://m.media-amazon.com/images/I/61HHS0HrjpL._AC_UL320_.jpg
Apple iPhone 11 with FaceTime - 128GB. 4GB RAM. 4G LTE. Black. Single SIM & E-SIM,Null,https://m.media-amazon.com/images/I/71i2XhHU3pL._AC_UL320_.jpg
Apple iPhone 14 Pro (256 GB) - Silver,EGP 51000.00,https://m.media-amazon.com/images/I/61lKQWyMdDL._AC_UL320_.jpg
Apple iPhone 14 Pro (256 GB) - Deep Purple,Null,https://m.media-amazon.com/images/I/61HHS0HrjpL._AC_UL320_.jpg
New Apple iPhone 13 Pro with Facetime (128GB) - Sierra Blue,EGP 39600.00,https://m.media-amazon.com/images/I/61jLiCovxVL._AC_UL320_.jpg
Apple Iphone X With Facetime - 64 GB. 4G LTE. Silver. 3 GB Ram. Single Sim,Null,https://m.media-amazon.com/images/I/41EsVxr5CiL._AC_UL320_.jpg
Apple iPhone 11 with FaceTime - 128GB. 4GB RAM. 4G LTE. Black. Single SIM & E-SIM - MWM02J/A,EGP 18500.00,https://m.media-amazon.com/images/I/61jS27nNXfL._AC_UL320_.jpg
Apple iPhone 12 Pro Max 256GB 6 GB RAM. Gold,Null,https://m.media-amazon.com/images/I/71fJ-gmBZtL._AC_UL320_.jpg
Apple iPhone 14 Pro (128 GB) - Silver,EGP 45500.00,https://m.media-amazon.com/images/I/61lKQWyMdDL._AC_UL320_.jpg
Apple iPhone 11 with FaceTime - 128GB. 4GB RAM. 4G LTE. White. Single SIM & E-SIM,Null,https://m.media-amazon.com/images/I/71kZfQA-Y7L._AC_UL320_.jpg
New Apple iPhone 13 (128 GB) - Green,EGP 29000.00,https://m.media-amazon.com/images/I/61iXV8JYv-L._AC_UL320_.jpg
Apple iPhone 11 Pro Max with FaceTime - 256GB. 4GB RAM. 4G LTE. Space Gray. Single SIM & E-SIM,Null,https://m.media-amazon.com/images/I/81bsgUsPM-L._AC_UL320_.jpg
Apple Iphone XS With Facetime - 64 GB. 4G LTE. Silver. 4 GB Ram. Single Sim & E-Sim,EGP 18200.00,https://m.media-amazon.com/images/I/71sITK2GB1L._AC_UL320_.jpg
Apple iPhone 13 Pro Max with FaceTime - 128GB. 6GB RAM. 4G Let. Sierra Blue. Single Sim,Null,https://m.media-amazon.com/images/I/614fbeOTjDL._AC_UL320_.jpg
Apple Iphone XS Max With Facetime - 512 GB. 4G LTE. Space Grey. 4 GB Ram. Single Sim & E-Sim,EGP 22500.00,https://m.media-amazon.com/images/I/710ktGENY6L._AC_UL320_.jpg
Apple iPhone SE - 128GB. 3GB RAM. 4G LTE. Black - Single SIM and E-SIM,Null,https://m.media-amazon.com/images/I/71d8rRxQ4fS._AC_UL320_.jpg
Apple iPhone 12 128GB 4 GB RAM. Blue,Null,https://m.media-amazon.com/images/I/71ZOtNdaZCL._AC_UL320_.jpg
Apple iPhone 11 Pro with FaceTime - 256GB. 4GB RAM. 4G LTE. Midnight Green. Single SIM & E-SIM,Null,https://m.media-amazon.com/images/I/71OVzcAbJBL._AC_UL320_.jpg
Apple iPhone 11 with FaceTime - 64GB. 4GB RAM. 4G LTE. White. Single SIM & E-SIM,Null,https://m.media-amazon.com/images/I/71kZfQA-Y7L._AC_UL320_.jpg
Apple iPhone 7 Plus with FaceTime - 128GB. 4G LTE. Gold - Certified Pre Owned,EGP 8699.00,https://m.media-amazon.com/images/I/61xm5vIu9mL._AC_UL320_.jpg
Apple iPhone 13 Pro Max with FaceTime - 128GB. 6GB RAM. 4G Lte. Graphite Black. Single Sim,Null,https://m.media-amazon.com/images/I/317CaqNXU8L._AC_UL320_.jpg
Apple iPhone 11 with FaceTime - 64GB. 4GB RAM. 4G LTE. Green. Single SIM & E-SIM,EGP 19500.00,https://m.media-amazon.com/images/I/71Dh+NR7ivL._AC_UL320_.jpg
New Apple iPhone 13 Pro Max (1 TB) - Alpine Green,EGP 47000.00,https://m.media-amazon.com/images/I/611ovP2GkrL._AC_UL320_.jpg
iPhone 13 mini 128GB Blue,EGP 28000.00,https://m.media-amazon.com/images/I/71uVYy3PbCL._AC_UL320_.jpg
Apple Iphone 8 Plus With Facetime - 64.4G. Space Grey. 3 GB Ram. Single Sim,Null,https://m.media-amazon.com/images/I/613kmdycTvL._AC_UL320_.jpg
Apple iPhone 11 with FaceTime - 64GB. 4GB RAM. 4G LTE. Black. Single SIM & E-SIM,Null,https://m.media-amazon.com/images/I/71iO2R+CLjL._AC_UL320_.jpg
iPhone 12 Pro 128GB Graphite,EGP 30500.00,https://m.media-amazon.com/images/I/71YlH-4MUQL._AC_UL320_.jpg
Apple iPhone 11 (128GB) - White,Null,https://m.media-amazon.com/images/I/71qG2gcQJKL._AC_UL320_.jpg
Apple iPhone 13 with FaceTime - 128GB. 4GB RAM. 4G LTE. Sierra Blue. Single SIM & E-SIM - International Warranty,Null,https://m.media-amazon.com/images/I/71xb2xkN5qL._AC_UL320_.jpg
Apple iPhone 13 with FaceTime - 128GB. 4GB RAM. 4G LTE. Pink. Single SIM & E-SIM - International Warranty,Null,https://m.media-amazon.com/images/I/61l9ppRIiqL._AC_UL320_.jpg
Apple iPhone 13 128GB Pink,Null,https://m.media-amazon.com/images/I/61p1I5f5ApL._AC_UL320_.jpg
Apple iPhone 11 with FaceTime - 128GB 4GB RAM 4G LTE Green Single SIM E-SIM - MHDN3AAA,Null,https://m.media-amazon.com/images/I/51dZWg+BdKL._AC_UL320_.jpg
Apple iPhone 7 Plus with FaceTime - 128GB. 4G LTE. Jet Black,EGP 8699.00,https://m.media-amazon.com/images/I/418-6Hy1X6L._AC_UL320_.jpg
Apple iPhone 13 Pro Max with FaceTime - 256GB. 6GB RAM. 4G LTE. Gold. Single SIM & E-SIM,Null,https://m.media-amazon.com/images/I/61Qkw0q78bL._AC_UL320_.jpg
Apple Iphone XR With Face Time - 128 GB. 4G LTE. Coral. 3 GB Ram. Single Sim & E-Sim,EGP 18000.00,https://m.media-amazon.com/images/I/61uqusSK+9L._AC_UL320_.jpg
New Apple iPhone 13 Pro Max (512 GB) - Alpine Green,Null,https://m.media-amazon.com/images/I/611ovP2GkrL._AC_UL320_.jpg
Apple iPhoneÃ‚ 12 Pro Max 256GB 6 GB RAM Dual Sim. PacificÃ‚ Blue,EGP 38110.00,https://m.media-amazon.com/images/I/41XFqLNb3nS._AC_UL320_.jpg
Apple iPhone 13 Pro Max with FaceTime - 256GB. 6GB RAM. 4G LTE. Silver. Single SIM & E-SIM,Null,https://m.media-amazon.com/images/I/61lbt1YPMaL._AC_UL320_.jpg
Apple iPhone 13 Pro Max 256GB Gold,Null,https://m.media-amazon.com/images/I/51kKr8YwVML._AC_UL320_.jpg
Apple iPhone 13 with FaceTime (256GB) - Blue,Null,https://m.media-amazon.com/images/I/71H8ipbuxoL._AC_UL320_.jpg
Apple Iphone 8 With Facetime - 64 GB. 4G LTE. Gold. 2 GB Ram. Single Sim - 2724468347214,Null,https://m.media-amazon.com/images/I/51TMnJnqd+L._AC_UL320_.jpg
Apple iPhone 12 Pro with Facetime - 256GB. 5G. Gold - Middle East Version,Null,https://m.media-amazon.com/images/I/71cSV-RTBSL._AC_UL320_.jpg
Apple Mac Mini With M1 Chip (8gb Ram. 512gb Ssd) 2020,Null,https://m.media-amazon.com/images/I/71SeGhcjXWS._AC_UL320_.jpg
Apple iPhone 11 Pro with FaceTime - 256GB. 4GB RAM. 4G LTE. Space Gray. Single SIM & E-SIM,EGP 27500.00,https://m.media-amazon.com/images/I/41YzVr2vicL._AC_UL320_.jpg
Apple iPhone 12 Pro Max 128GB 6 GB RAM Dual Sim. Graphite,EGP 33500.00,https://m.media-amazon.com/images/I/31+OfGSLI4S._AC_UL320_.jpg
Apple iPhone 11 with FaceTime - 128GB. 4GB RAM. 4G LTE. Yellow. Single SIM & E-SIM,Null,https://m.media-amazon.com/images/I/31EjD-0eZ7L._AC_UL320_.jpg
Apple iPhone 11 with Facetime - 128GB. 4G LTE. (2020- Slim Packing ) Yellow - International Version,Null,https://m.media-amazon.com/images/I/71Z8C1zRgAL._AC_UL320_.jpg
Apple Iphone XS Max With Facetime - 64 GB. 4G LTE. Silver. 4 GB Ram. Single Sim & E-Sim,Null,https://m.media-amazon.com/images/I/6184ZQjelFL._AC_UL320_.jpg
Apple Iphone XR With Face Time - 64 GB. 4G LTE. Red. 3 GB Ram. Single Sim & E-Sim,Null,https://m.media-amazon.com/images/I/51f8siOV70S._AC_UL320_.jpg
Apple iPhone 13 with FaceTime (256GB) - Midnight,Null,https://m.media-amazon.com/images/I/61BUt5ZErdL._AC_UL320_.jpg
Apple iPhone 11 Pro with FaceTime - 256GB. 4GB RAM. 4G LTE. Single SIM and E-SIM,EGP 32800.00,https://m.media-amazon.com/images/I/71VSJrTpHSL._AC_UL320_.jpg
New Apple iPhone 14 Pro (128 GB) - Deep Purple,EGP 52500.00,https://m.media-amazon.com/images/I/61HHS0HrjpL._AC_UL320_.jpg
Apple iPhone 11 Pro Max with FaceTime - 64GB. 4GB RAM. 4G LTE. Silver. Single SIM & E-SIM,EGP 26000.00,https://m.media-amazon.com/images/I/71Ou7ECDIPL._AC_UL320_.jpg
New Apple iPhone 13 Pro (1 TB) - Alpine Green,EGP 48000.00,https://m.media-amazon.com/images/I/61AwGDDZd3L._AC_UL320_.jpg
Apple iPhone 12 256GB 4 GB RAM. Blue,EGP 29900.00,https://m.media-amazon.com/images/I/41uZYsFb6VS._AC_UL320_.jpg
Apple iPhone 11 with FaceTime - 64GB. 4GB RAM. 4G LTE. Purple. Single SIM & E-SIM,EGP 18000.00,https://m.media-amazon.com/images/I/31uqVpHjSKL._AC_UL320_.jpg
Apple Single Sim & E-SIM iPhone 11 with FaceTime - 256GB. 4GB RAM. 4G Lte Red,EGP 28600.00,https://m.media-amazon.com/images/I/41jOp3gXuwL._AC_UL320_.jpg
Apple iPhone 11 Pro Max with FaceTime - 64GB. 4GB RAM. 4G LTE. Midnight Green. Dual SIM,EGP 28900.00,https://m.media-amazon.com/images/I/31xRV8jGzJL._AC_UL320_.jpg
Apple iPhone 11 Pro with FaceTime Dual SIM - 64GB. 4GB RAM. 4G LTE. Gold,EGP 26000.00,https://m.media-amazon.com/images/I/71gUujQ7toL._AC_UL320_.jpg
Apple iPhone 11 Pro Max Dual SIM with FaceTime - 64GB. 4GB RAM. 4G LTE. Silver,EGP 28400.00,https://m.media-amazon.com/images/I/71Ss-fT55eL._AC_UL320_.jpg
Apple iPhone 11 Pro with FaceTime - 64GB. 4GB RAM. 4G LTE. Space Gray. Dual SIM,EGP 28000.00,https://m.media-amazon.com/images/I/71sVAa9evmL._AC_UL320_.jpg
Apple iPhone 11 with Facetime - 256GB. 4G LTE. White -International Version,EGP 27300.00,https://m.media-amazon.com/images/I/71kZfQA-Y7L._AC_UL320_.jpg
Apple iPhone 11 with Facetime - 256GB. 4G LTE. Green - International Version,EGP 27300.00,https://m.media-amazon.com/images/I/71Dh+NR7ivL._AC_UL320_.jpg
Apple iPhone 14 (128 GB) - Red,EGP 35000.00,https://m.media-amazon.com/images/I/611mRs-imxL._AC_UL320_.jpg
Apple iPhone 14 Pro Max (256 GB) - Gold,EGP 57597.00,https://m.media-amazon.com/images/I/71T5NVOgbpL._AC_UL320_.jpg
Apple iPhone 14 Pro Max (256 GB) - Deep Purple,Null,https://m.media-amazon.com/images/I/71yzJoE7WlL._AC_UL320_.jpg
Apple iPhone 14 Pro Max (128 GB) - Deep Purple - Physical Dual Sim,EGP 58500.00,https://m.media-amazon.com/images/I/71yzJoE7WlL._AC_UL320_.jpg
Apple iPhone 13 Pro Max 256GB Blue,EGP 45700.00,https://m.media-amazon.com/images/I/61i8Vjb17SL._AC_UL320_.jpg
Apple Iphone X With Facetime - 256 GB. 4G LTE. Silver. 3 GB Ram. Single Sim,EGP 12499.00,https://m.media-amazon.com/images/I/51wfPsYKljL._AC_UL320_.jpg
New Apple iPhone 13 with FaceTime (128GB) - Midnight,EGP 28999.00,https://m.media-amazon.com/images/I/61VuVU94RnL._AC_UL320_.jpg
New Apple iPhone 14 Pro Max (256 GB) - Space Black,Null,https://m.media-amazon.com/images/I/610pghkO81L._AC_UL320_.jpg
New Apple iPhone 14 Plus (256 GB) - Midnight,EGP 38500.00,https://m.media-amazon.com/images/I/61B0+qQriPL._AC_UL320_.jpg
Apple iPhone 14 Pro Max (256 GB) - Gold - Physical Dual Sim,EGP 58800.00,https://m.media-amazon.com/images/I/71T5NVOgbpL._AC_UL320_.jpg
Apple iPhone 12 Pro 256GB 6 GB RAM. Silver,EGP 28500.00,https://m.media-amazon.com/images/I/71gquzn6vIL._AC_UL320_.jpg
Apple iPhone 14 Pro (256 GB) - Deep Purple,Null,https://m.media-amazon.com/images/I/61HHS0HrjpL._AC_UL320_.jpg
Apple iPhone 11 with FaceTime - 128GB. 4GB RAM. 4G LTE. Black. Single SIM & E-SIM,Null,https://m.media-amazon.com/images/I/71i2XhHU3pL._AC_UL320_.jpg
Apple iPhone 14 Pro (256 GB) - Silver,EGP 51000.00,https://m.media-amazon.com/images/I/61lKQWyMdDL._AC_UL320_.jpg
Apple iPhone 14 Pro (256 GB) - Deep Purple,Null,https://m.media-amazon.com/images/I/61HHS0HrjpL._AC_UL320_.jpg
New Apple iPhone 13 Pro with Facetime (128GB) - Sierra Blue,EGP 39600.00,https://m.media-amazon.com/images/I/61jLiCovxVL._AC_UL320_.jpg
Apple Iphone X With Facetime - 64 GB. 4G LTE. Silver. 3 GB Ram. Single Sim,Null,https://m.media-amazon.com/images/I/41EsVxr5CiL._AC_UL320_.jpg
Apple iPhone 11 with FaceTime - 128GB. 4GB RAM. 4G LTE. Black. Single SIM & E-SIM - MWM02J/A,EGP 18500.00,https://m.media-amazon.com/images/I/61jS27nNXfL._AC_UL320_.jpg
Apple iPhone 12 Pro Max 256GB 6 GB RAM. Gold,Null,https://m.media-amazon.com/images/I/71fJ-gmBZtL._AC_UL320_.jpg
Apple iPhone 14 Pro (128 GB) - Silver,EGP 45500.00,https://m.media-amazon.com/images/I/61lKQWyMdDL._AC_UL320_.jpg
Apple iPhone 11 with FaceTime - 128GB. 4GB RAM. 4G LTE. White. Single SIM & E-SIM,Null,https://m.media-amazon.com/images/I/71kZfQA-Y7L._AC_UL320_.jpg
New Apple iPhone 13 (128 GB) - Green,EGP 29000.00,https://m.media-amazon.com/images/I/61iXV8JYv-L._AC_UL320_.jpg
Apple iPhone 11 Pro Max with FaceTime - 256GB. 4GB RAM. 4G LTE. Space Gray. Single SIM & E-SIM,Null,https://m.media-amazon.com/images/I/81bsgUsPM-L._AC_UL320_.jpg
Apple Iphone XS With Facetime - 64 GB. 4G LTE. Silver. 4 GB Ram. Single Sim & E-Sim,EGP 18200.00,https://m.media-amazon.com/images/I/71sITK2GB1L._AC_UL320_.jpg
Apple iPhone 13 Pro Max with FaceTime - 128GB. 6GB RAM. 4G Let. Sierra Blue. Single Sim,Null,https://m.media-amazon.com/images/I/614fbeOTjDL._AC_UL320_.jpg
Apple Iphone XS Max With Facetime - 512 GB. 4G LTE. Space Grey. 4 GB Ram. Single Sim & E-Sim,EGP 22500.00,https://m.media-amazon.com/images/I/710ktGENY6L._AC_UL320_.jpg
Apple iPhone SE - 128GB. 3GB RAM. 4G LTE. Black - Single SIM and E-SIM,Null,https://m.media-amazon.com/images/I/71d8rRxQ4fS._AC_UL320_.jpg
Apple iPhone 12 128GB 4 GB RAM. Blue,Null,https://m.media-amazon.com/images/I/71ZOtNdaZCL._AC_UL320_.jpg
Apple iPhone 11 Pro with FaceTime - 256GB. 4GB RAM. 4G LTE. Midnight Green. Single SIM & E-SIM,Null,https://m.media-amazon.com/images/I/71OVzcAbJBL._AC_UL320_.jpg
Apple iPhone 11 with FaceTime - 64GB. 4GB RAM. 4G LTE. White. Single SIM & E-SIM,Null,https://m.media-amazon.com/images/I/71kZfQA-Y7L._AC_UL320_.jpg
Apple iPhone 7 Plus with FaceTime - 128GB. 4G LTE. Gold - Certified Pre Owned,EGP 8699.00,https://m.media-amazon.com/images/I/61xm5vIu9mL._AC_UL320_.jpg
Apple iPhone 13 Pro Max with FaceTime - 128GB. 6GB RAM. 4G Lte. Graphite Black. Single Sim,Null,https://m.media-amazon.com/images/I/317CaqNXU8L._AC_UL320_.jpg
Apple iPhone 11 with FaceTime - 64GB. 4GB RAM. 4G LTE. Green. Single SIM & E-SIM,EGP 19500.00,https://m.media-amazon.com/images/I/71Dh+NR7ivL._AC_UL320_.jpg
New Apple iPhone 13 Pro Max (1 TB) - Alpine Green,EGP 47000.00,https://m.media-amazon.com/images/I/611ovP2GkrL._AC_UL320_.jpg
Apple iPhone 13 128GB - Red,EGP 29460.00,https://m.media-amazon.com/images/I/71gm8v4uPBL._AC_UL320_.jpg
Apple iPhone 13 with FaceTime - 128GB. 4GB RAM. 4G LTE. Sierra Blue. Single SIM & E-SIM - International Warranty,Null,https://m.media-amazon.com/images/I/61RCRdEvQlL._AC_UL320_.jpg
Apple Iphone XS With Facetime - 256 GB,Null,https://m.media-amazon.com/images/I/713+ZzobvwL._AC_UL320_.jpg
Apple iPhone 8 Plus with FaceTime - 256GB. 4G LTE. Gold. 5.5 Inch,Null,https://m.media-amazon.com/images/I/61wf6hrlecL._AC_UL320_.jpg
Apple iPhone 11 with Facetime - 128GB. 4G LTE. Black. Middle East Version,EGP 19000.00,https://m.media-amazon.com/images/I/512YXWpYS0L._AC_UL320_.jpg
Apple iPhone 11 with FaceTime - 128GB. 4GB RAM. 4G LTE. Black. Single SIM & E-SIM,EGP 18500.00,https://m.media-amazon.com/images/I/31ky1J3WfJL._AC_UL320_.jpg
Apple iPhone 11 with FaceTime - 64GB. 4GB RAM. 4G LTE. Red. Single SIM & E-SIM,EGP 18500.00,https://m.media-amazon.com/images/I/715HCLsOHbL._AC_UL320_.jpg
Apple iPhone 11 128gb LTE 6.1 inches red color slim box,Null,https://m.media-amazon.com/images/I/511pctKXGKS._AC_UL320_.jpg
Apple iPhone 13 Pro Max with FaceTime - 256GB. 6GB RAM. 4G LTE. Sierra Blue. Single SIM & E-SIM,Null,https://m.media-amazon.com/images/I/614fbeOTjDL._AC_UL320_.jpg
Apple Iphone XR With Face Time - 128 GB. 4G LTE. Yellow. 3 GB Ram. Single Sim & E-Sim,Null,https://m.media-amazon.com/images/I/514gQUoVIvS._AC_UL320_.jpg
Apple Iphone 7 With Facetime - 32 GB. 4G LTE. Gold. 2 GB Ram. Single Sim,EGP 8200.00,https://m.media-amazon.com/images/I/31MJMu8jokL._AC_UL320_.jpg
Apple iPhoneÃƒÆ’ââ‚¬šÃƒâ€šÃ‚ 12 64 GB 4 GB RAM. White,EGP 21000.00,https://m.media-amazon.com/images/I/718pXw7lFzL._AC_UL320_.jpg
Apple iPhone 12 mini 128GB 4 GB RAM. Red,EGP 21500.00,https://m.media-amazon.com/images/I/71Sa8+9H3xL._AC_UL320_.jpg
Apple iPhone 13 128GB Midnight,Null,https://m.media-amazon.com/images/I/61BUt5ZErdL._AC_UL320_.jpg
iPhone 13 mini 128GB Blue,EGP 28000.00,https://m.media-amazon.com/images/I/71uVYy3PbCL._AC_UL320_.jpg
Apple Iphone 8 Plus With Facetime - 64.4G. Space Grey. 3 GB Ram. Single Sim,Null,https://m.media-amazon.com/images/I/613kmdycTvL._AC_UL320_.jpg
Apple iPhone 11 with FaceTime - 64GB. 4GB RAM. 4G LTE. Black. Single SIM & E-SIM,Null,https://m.media-amazon.com/images/I/71iO2R+CLjL._AC_UL320_.jpg
iPhone 12 Pro 128GB Graphite,EGP 30500.00,https://m.media-amazon.com/images/I/71YlH-4MUQL._AC_UL320_.jpg
Apple iPhone 11 (128GB) - White,Null,https://m.media-amazon.com/images/I/71qG2gcQJKL._AC_UL320_.jpg
Apple iPhone 13 with FaceTime - 128GB. 4GB RAM. 4G LTE. Sierra Blue. Single SIM & E-SIM - International Warranty,Null,https://m.media-amazon.com/images/I/71xb2xkN5qL._AC_UL320_.jpg
Apple iPhone 13 with FaceTime - 128GB. 4GB RAM. 4G LTE. Pink. Single SIM & E-SIM - International Warranty,Null,https://m.media-amazon.com/images/I/61l9ppRIiqL._AC_UL320_.jpg
Apple iPhone 13 128GB Pink,Null,https://m.media-amazon.com/images/I/61p1I5f5ApL._AC_UL320_.jpg
Apple iPhone 11 with FaceTime - 128GB 4GB RAM 4G LTE Green Single SIM E-SIM - MHDN3AAA,Null,https://m.media-amazon.com/images/I/51dZWg+BdKL._AC_UL320_.jpg
Apple iPhone 7 Plus with FaceTime - 128GB. 4G LTE. Jet Black,EGP 8699.00,https://m.media-amazon.com/images/I/418-6Hy1X6L._AC_UL320_.jpg
Apple iPhone 13 Pro Max with FaceTime - 256GB. 6GB RAM. 4G LTE. Gold. Single SIM & E-SIM,Null,https://m.media-amazon.com/images/I/61Qkw0q78bL._AC_UL320_.jpg
Apple Iphone XR With Face Time - 128 GB. 4G LTE. Coral. 3 GB Ram. Single Sim & E-Sim,EGP 18000.00,https://m.media-amazon.com/images/I/61uqusSK+9L._AC_UL320_.jpg
New Apple iPhone 13 Pro Max (512 GB) - Alpine Green,Null,https://m.media-amazon.com/images/I/611ovP2GkrL._AC_UL320_.jpg
Apple iPhoneÃ‚ 12 Pro Max 256GB 6 GB RAM Dual Sim. PacificÃ‚ Blue,EGP 38110.00,https://m.media-amazon.com/images/I/41XFqLNb3nS._AC_UL320_.jpg
Apple iPhone 13 Pro Max with FaceTime - 256GB. 6GB RAM. 4G LTE. Silver. Single SIM & E-SIM,Null,https://m.media-amazon.com/images/I/61lbt1YPMaL._AC_UL320_.jpg
Apple iPhone 13 Pro Max 256GB Gold,Null,https://m.media-amazon.com/images/I/51kKr8YwVML._AC_UL320_.jpg
Apple iPhone 13 with FaceTime (256GB) - Blue,Null,https://m.media-amazon.com/images/I/71H8ipbuxoL._AC_UL320_.jpg
Apple Iphone 8 With Facetime - 64 GB. 4G LTE. Gold. 2 GB Ram. Single Sim - 2724468347214,Null,https://m.media-amazon.com/images/I/51TMnJnqd+L._AC_UL320_.jpg
Apple iPhone 12 Pro with Facetime - 256GB. 5G. Gold - Middle East Version,Null,https://m.media-amazon.com/images/I/71cSV-RTBSL._AC_UL320_.jpg
Apple Mac Mini With M1 Chip (8gb Ram. 512gb Ssd) 2020,Null,https://m.media-amazon.com/images/I/71SeGhcjXWS._AC_UL320_.jpg
Apple iPhone 11 Pro with FaceTime - 256GB. 4GB RAM. 4G LTE. Space Gray. Single SIM & E-SIM,EGP 27500.00,https://m.media-amazon.com/images/I/41YzVr2vicL._AC_UL320_.jpg
Apple iPhone 12 Pro Max 128GB 6 GB RAM Dual Sim. Graphite,EGP 33500.00,https://m.media-amazon.com/images/I/31+OfGSLI4S._AC_UL320_.jpg
Apple iPhone 11 with FaceTime - 128GB. 4GB RAM. 4G LTE. Yellow. Single SIM & E-SIM,Null,https://m.media-amazon.com/images/I/31EjD-0eZ7L._AC_UL320_.jpg
Apple iPhone 11 with Facetime - 128GB. 4G LTE. (2020- Slim Packing ) Yellow - International Version,Null,https://m.media-amazon.com/images/I/71Z8C1zRgAL._AC_UL320_.jpg
Apple Iphone XS Max With Facetime - 64 GB. 4G LTE. Silver. 4 GB Ram. Single Sim & E-Sim,Null,https://m.media-amazon.com/images/I/6184ZQjelFL._AC_UL320_.jpg
Apple Iphone XR With Face Time - 64 GB. 4G LTE. Red. 3 GB Ram. Single Sim & E-Sim,Null,https://m.media-amazon.com/images/I/51f8siOV70S._AC_UL320_.jpg
Apple iPhone 13 with FaceTime (256GB) - Midnight,Null,https://m.media-amazon.com/images/I/61BUt5ZErdL._AC_UL320_.jpg
Apple iPhone 11 Pro with FaceTime - 256GB. 4GB RAM. 4G LTE. Single SIM and E-SIM,EGP 32800.00,https://m.media-amazon.com/images/I/71VSJrTpHSL._AC_UL320_.jpg
New Apple iPhone 14 Pro (128 GB) - Deep Purple,EGP 52500.00,https://m.media-amazon.com/images/I/61HHS0HrjpL._AC_UL320_.jpg
Apple iPhone 11 Pro Max with FaceTime - 64GB. 4GB RAM. 4G LTE. Silver. Single SIM & E-SIM,EGP 26000.00,https://m.media-amazon.com/images/I/71Ou7ECDIPL._AC_UL320_.jpg
New Apple iPhone 13 Pro (1 TB) - Alpine Green,EGP 48000.00,https://m.media-amazon.com/images/I/61AwGDDZd3L._AC_UL320_.jpg
Apple iPhone 12 256GB 4 GB RAM. Blue,EGP 29900.00,https://m.media-amazon.com/images/I/41uZYsFb6VS._AC_UL320_.jpg
Apple iPhone 11 with FaceTime - 64GB. 4GB RAM. 4G LTE. Purple. Single SIM & E-SIM,EGP 18000.00,https://m.media-amazon.com/images/I/31uqVpHjSKL._AC_UL320_.jpg
Apple Single Sim & E-SIM iPhone 11 with FaceTime - 256GB. 4GB RAM. 4G Lte Red,EGP 28600.00,https://m.media-amazon.com/images/I/41jOp3gXuwL._AC_UL320_.jpg
Apple iPhone 11 Pro Max with FaceTime - 64GB. 4GB RAM. 4G LTE. Midnight Green. Dual SIM,EGP 28900.00,https://m.media-amazon.com/images/I/31xRV8jGzJL._AC_UL320_.jpg
Apple iPhone 11 Pro with FaceTime Dual SIM - 64GB. 4GB RAM. 4G LTE. Gold,EGP 26000.00,https://m.media-amazon.com/images/I/71gUujQ7toL._AC_UL320_.jpg
Apple iPhone 11 Pro Max Dual SIM with FaceTime - 64GB. 4GB RAM. 4G LTE. Silver,EGP 28400.00,https://m.media-amazon.com/images/I/71Ss-fT55eL._AC_UL320_.jpg
Apple iPhone 11 Pro with FaceTime - 64GB. 4GB RAM. 4G LTE. Space Gray. Dual SIM,EGP 28000.00,https://m.media-amazon.com/images/I/71sVAa9evmL._AC_UL320_.jpg
Apple iPhone 11 with Facetime - 256GB. 4G LTE. White -International Version,EGP 27300.00,https://m.media-amazon.com/images/I/71kZfQA-Y7L._AC_UL320_.jpg
Apple iPhone 11 with Facetime - 256GB. 4G LTE. Green - International Version,EGP 27300.00,https://m.media-amazon.com/images/I/71Dh+NR7ivL._AC_UL320_.jpg
Samsung Galaxy A23 LTE Android Smartphone. 128GB. 4GB RAM. Dual SIM Mobile Phone. White,EGP 6199.00,https://m.media-amazon.com/images/I/81iw7GsgIlL._AC_UL320_.jpg
Samsung Galaxy A23 LTE Android Smartphone. 128GB. 6GB RAM. Dual Sim Mobile Phone - Peach,EGP 6899.00,https://m.media-amazon.com/images/I/81Afp6tG-QL._AC_UL320_.jpg
Samsung Galaxy S22 Ultra 5G Mobile Phone 256GB. 12GB RAM. SIM Free Android Smartphone Black,EGP 32750.00,https://m.media-amazon.com/images/I/71TR4hXkNaL._AC_UL320_.jpg
Samsung Galaxy A04s. 128GB. Dual Sim. Black,EGP 6200.00,https://m.media-amazon.com/images/I/81AhRlrQwsL._AC_UL320_.jpg
Samsung Galaxy-A23.128 GB. 4GB Ram. Peach,EGP 6060.00,https://m.media-amazon.com/images/I/516wAFVavzL._AC_UL320_.jpg
Samsung Galaxy A04s. 128GB. Dual Sim. Copper,EGP 5899.00,https://m.media-amazon.com/images/I/81spj+QN-VL._AC_UL320_.jpg
Samsung Galaxy A04s. 64GB. 4GB. Dual Sim. Black,EGP 5190.00,https://m.media-amazon.com/images/I/81AhRlrQwsL._AC_UL320_.jpg
Samsung Galaxy M33. 128GB. Dual Sim. 5G. Blue,EGP 8299.00,https://m.media-amazon.com/images/I/71msWJWrWYL._AC_UL320_.jpg
Samsung SM-A336EZOHMEA Galaxy-A33 5G Awesome Peach,Null,https://m.media-amazon.com/images/I/51f7guV+kyL._AC_UL320_.jpg
Samsung Galaxy M33. 128GB. Dual Sim. 5G. Green,EGP 8299.00,https://m.media-amazon.com/images/I/71LzOwcXS1L._AC_UL320_.jpg
Samsung Galaxy M33. 128GB. Dual Sim. 5G. Brown,EGP 8299.00,https://m.media-amazon.com/images/I/71O10M5-5wL._AC_UL320_.jpg
Samsung Galaxy A23 LTE Android Smartphone. 128GB. 4GB RAM. Dual SIM Mobile Phone. White,EGP 6199.00,https://m.media-amazon.com/images/I/81iw7GsgIlL._AC_UL320_.jpg
Samsung Galaxy Z Fold4 Mobile Phone Android Folding Smartphone 256GB. Graygreen,EGP 46690.00,https://m.media-amazon.com/images/I/71i5osdmajL._AC_UL320_.jpg
Samsung Galaxy A04 S. 64GB. 4GB. Dual Sim. White,EGP 5190.00,https://m.media-amazon.com/images/I/81w68R-7laL._AC_UL320_.jpg
Samsung Galaxy A04s. 64GB. Dual Sim. Copper,EGP 5190.00,https://m.media-amazon.com/images/I/81spj+QN-VL._AC_UL320_.jpg
Samsung Galaxy M52 5G Dual SIM.8GB RAM.128GB.Light Blue,Null,https://m.media-amazon.com/images/I/713YclC+vWL._AC_UL320_.jpg
Samsung A13 4GB Ram. 128GB - White,EGP 5349.00,https://m.media-amazon.com/images/I/71FMvj8+LSL._AC_UL320_.jpg
Samsung A13 4GB Ram. 64GB - Black,EGP 4719.00,https://m.media-amazon.com/images/I/61OkFcXgcFL._AC_UL320_.jpg
Samsung Galaxy A23 Dual SIM Blue 6GB RAM 128GB 4G,EGP 6878.00,https://m.media-amazon.com/images/I/61mOx8va+LL._AC_UL320_.jpg
Samsung Galaxy A53 Dual Sim - 128GB. 8GB RAM. 5G. Black,Null,https://m.media-amazon.com/images/I/71S3PeNu0SL._AC_UL320_.jpg
Samsung Galaxy A04 S. 128GB. Dual Sim. White,EGP 5899.00,https://m.media-amazon.com/images/I/81w68R-7laL._AC_UL320_.jpg
Samsung Galaxy A52 Dual SIM - 6.5 inches. 8 GB RAM. 256 GB - Awesome Blue,EGP 12687.31,https://m.media-amazon.com/images/I/71soIceumaL._AC_UL320_.jpg
Samsung Galaxy A13 LTE Android Smartphone. 128GB. 4GB RAM. Dual Sim. Light Blue,Null,https://m.media-amazon.com/images/I/71zOaQmhBPL._AC_UL320_.jpg
SAMSUNG Galaxy A73 5G Android Smartphone. 128 GB. 8 GB RAM. Dual Sim Mobile Phone. Awesome White (UAE Version),Null,https://m.media-amazon.com/images/I/81VFq+tCFiL._AC_UL320_.jpg
SAMSUNG Dual Sim 12GB RAM 256GB 5G Galaxy S22 Ultra - Phantom Burgundy,EGP 35990.00,https://m.media-amazon.com/images/I/71Wkk4n9olL._AC_UL320_.jpg
SAMSUNG Galaxy A73 5G Android Smartphone. 256 GB. 8 GB RAM. Dual Sim Mobile Phone. Awesome White (UAE Version),Null,https://m.media-amazon.com/images/I/81VFq+tCFiL._AC_UL320_.jpg
Samsung A13 4GB Ram. 128GB - Black,EGP 5499.00,https://m.media-amazon.com/images/I/71qg575158L._AC_UL320_.jpg
Samsung Galaxy A03 Dual Sim Mobile. 6.5 Inches. 128GB. 4 GB RAM. 4G LTE -BLACK,EGP 5399.00,https://m.media-amazon.com/images/I/61SIrKmYcTL._AC_UL320_.jpg
Samsung Galaxy A23 LTE Android Smartphone. 128GB. 6GB RAM. Dual Sim Mobile Phone - Peach,EGP 6899.00,https://m.media-amazon.com/images/I/81Afp6tG-QL._AC_UL320_.jpg
Samsung Galaxy A23 LTE Android Smartphone. 128GB. 4GB RAM. Dual SIM Mobile Phone. White,EGP 6199.00,https://m.media-amazon.com/images/I/81iw7GsgIlL._AC_UL320_.jpg
Samsung Galaxy S22 Ultra 5G Mobile Phone 256GB. 12GB RAM. SIM Free Android Smartphone Black,EGP 32750.00,https://m.media-amazon.com/images/I/71TR4hXkNaL._AC_UL320_.jpg
Samsung Galaxy S22 Ultra 5G Mobile Phone 256GB. 12GB RAM. SIM Free Android Smartphone Black,EGP 32750.00,https://m.media-amazon.com/images/I/71TR4hXkNaL._AC_UL320_.jpg
SAMSUNG Dual Sim 12GB RAM 256GB 5G Galaxy S22 Ultra - Phantom Black,EGP 33500.00,https://m.media-amazon.com/images/I/61U6oC65TTL._AC_UL320_.jpg
Samsung A13 4GB Ram. 128GB - Black,EGP 5436.00,https://m.media-amazon.com/images/I/419w9t3I7QL._AC_UL320_.jpg
Samsung Galaxy A32 Dual SIM - 6.4 Inches. 6GB RAM. 128GB. 4G LTE - Blue,Null,https://m.media-amazon.com/images/I/61WJgrC9E-L._AC_UL320_.jpg
SAMSUNG Dual Sim 12GB RAM 256GB 5G Galaxy S22 Ultra - Phantom Green,EGP 34950.00,https://m.media-amazon.com/images/I/61nhOdlKpDL._AC_UL320_.jpg
SAMSUNG Galaxy S21 FE 5G Dual Sim Smartphone. 256GB Storage and 8GB RAM. Graphite,EGP 17999.00,https://m.media-amazon.com/images/I/71S-edhtFhL._AC_UL320_.jpg
Samsung Galaxy A03 CORE Dual sim. 32GB. 2Gb RAM. 4G BLACK,Null,https://m.media-amazon.com/images/I/61bjFEfTHRL._AC_UL320_.jpg
Samsung Galaxy A23 LTE Android Smartphone. 128GB. 6GB RAM. Dual Sim Mobile Phone - Peach,EGP 6899.00,https://m.media-amazon.com/images/I/81Afp6tG-QL._AC_UL320_.jpg
Samsung Galaxy A23 LTE Android Smartphone. 128GB. 4GB RAM. Dual SIM Mobile Phone. White,EGP 6199.00,https://m.media-amazon.com/images/I/81iw7GsgIlL._AC_UL320_.jpg
Samsung Galaxy S22 Ultra 5G Mobile Phone 256GB. 12GB RAM. SIM Free Android Smartphone Black,EGP 32750.00,https://m.media-amazon.com/images/I/71TR4hXkNaL._AC_UL320_.jpg
Samsung Galaxy S22 Ultra Dual SIM Phantom White 12GB RAM 256GB 5G,Null,https://m.media-amazon.com/images/I/817aOXLoNpL._AC_UL320_.jpg
SAMSUNG Galaxy S22+ 5G Mobile Phone (256GB. 8GB RAM. Black),EGP 28900.00,https://m.media-amazon.com/images/I/61V49wCBDtL._AC_UL320_.jpg
Samsung Galaxy A03 Dual Sim Mobile. 6.5 Inches. 128 GB. 4 GB RAM. 4G LTE - RED,EGP 5145.00,https://m.media-amazon.com/images/I/61Qa4V67skL._AC_UL320_.jpg
Samsung Galaxy S20 FE Dual Sim Mobile - 6.5 Inches. 128 GB. 8 GB RAM. 4G - Cloud Navy,Null,https://m.media-amazon.com/images/I/41+5wNYqokL._AC_UL320_.jpg
Samsung Galaxy A03 Dual Sim Mobile. 6.5 Inches. 128 GB. 4 GB RAM. 4G LTE - Blue,EGP 5160.00,https://m.media-amazon.com/images/I/61uudlJFkcL._AC_UL320_.jpg
Samsung galaxy S20 FE (5G) 128GB 8GB RAM cloud white,EGP 14444.00,https://m.media-amazon.com/images/I/717kmbfBHGL._AC_UL320_.jpg
SAMSUNG - SM-B310E Dual Sim - 2G GSM. Blue,EGP 724.00,https://m.media-amazon.com/images/I/5152GlIthaL._AC_UL320_.jpg
Samsung Galaxy A23 LTE Android Smartphone. 128GB. 6GB RAM. Dual Sim Mobile Phone - Peach,EGP 6899.00,https://m.media-amazon.com/images/I/81Afp6tG-QL._AC_UL320_.jpg
Samsung Galaxy A23 LTE Android Smartphone. 128GB. 4GB RAM. Dual SIM Mobile Phone. White,EGP 6199.00,https://m.media-amazon.com/images/I/81iw7GsgIlL._AC_UL320_.jpg
Samsung Galaxy S22 Ultra 5G Mobile Phone 256GB. 12GB RAM. SIM Free Android Smartphone Black,EGP 32750.00,https://m.media-amazon.com/images/I/71TR4hXkNaL._AC_UL320_.jpg
SAMSUNG 128 GB 4 GB RAM 4G LTE Galaxy A12 Dual Sim Mobile - 6.5 In. Black,EGP 5675.00,https://m.media-amazon.com/images/I/71MO9CIOVjL._AC_UL320_.jpg
Samsung Galaxy A02 Dual Sim Mobile. 6.5 Inches. 32 GB. 3 GB RAM. 4G LTE - Black,Null,https://m.media-amazon.com/images/I/51SGcwtk6cL._AC_UL320_.jpg
Samsung Galaxy Note 20 Mobile Phone. Dual SIM. 6.7 Inch. 256 GB. 8 GB RAM. 4G LTE. 4300mAh - Mystic Green,Null,https://m.media-amazon.com/images/I/61T84SlEqIL._AC_UL320_.jpg
Samsung Galaxy Z Flip3 5G (One eSIM and one Nano SIM) Smartphone. 256GB . 8GB Phantom Black. 1 - Year Warranty,Null,https://m.media-amazon.com/images/I/71fJng4xooL._AC_UL320_.jpg
Z FOLD 4 5G 12+ 512GB Green,EGP 50950.00,https://m.media-amazon.com/images/I/71a87teD1KL._AC_UL320_.jpg
Samsung Galaxy A03 Blue. 3GB RAM. 32GB Storage Without Offers,EGP 4350.00,https://m.media-amazon.com/images/I/41GaqtIlbYL._AC_UL320_.jpg
SAMSUNG Galaxy A53 5G Mobile Phone SIM Free Android Smartphone. 128GB. 8GB RAM. Awesome Peach,Null,https://m.media-amazon.com/images/I/71tcW6BzTHL._AC_UL320_.jpg
Samsung Galaxy A23 LTE Android Smartphone. 128GB. 6GB RAM. Dual Sim Mobile Phone - Peach,EGP 6899.00,https://m.media-amazon.com/images/I/81Afp6tG-QL._AC_UL320_.jpg
Samsung Galaxy A23 LTE Android Smartphone. 128GB. 4GB RAM. Dual SIM Mobile Phone. White,EGP 6199.00,https://m.media-amazon.com/images/I/81iw7GsgIlL._AC_UL320_.jpg
Samsung Galaxy S22 Ultra 5G Mobile Phone 256GB. 12GB RAM. SIM Free Android Smartphone Black,EGP 32750.00,https://m.media-amazon.com/images/I/71TR4hXkNaL._AC_UL320_.jpg
Samsung Galaxy A02s Dual SIM Mobile - 6.5 Inch. 64 GB. 4 GB RAM. 4G LTE - Black,EGP 4699.00,https://m.media-amazon.com/images/I/81RfxLswMaL._AC_UL320_.jpg
Samsung Galaxy S22+ 5G Mobile Phone 256GB. 8GB RAM. SIM Free Android Smartphone Black & 1 Year Screen Warranty,Null,https://m.media-amazon.com/images/I/71Z5aKohH3L._AC_UL320_.jpg
SAMSUNG Galaxy Z Fold4 Mobile Phone Android Folding Smartphone 512GB. Gray Green,EGP 44700.00,https://m.media-amazon.com/images/I/71i5osdmajL._AC_UL320_.jpg
SAMSUNG Galaxy A13 LTE Android Smartphone. 128GB. 4GB RAM. Dual Sim Mobile Phone. Light Blue (KSA Version),EGP 5499.00,https://m.media-amazon.com/images/I/714how2Z6rL._AC_UL320_.jpg
SAMSUNG Galaxy Replacement S-Pen for Note 20 . and Note20 UltraÃ‚  - Copper (US Version ) (EJ-PN980BAEGUS),EGP 480.00,https://m.media-amazon.com/images/I/51ObI2CB5YL._AC_UL320_.jpg
SAMSUNG Galaxy A73 5G Android Smartphone. 256 GB. 8 GB RAM. Dual Sim Mobile Phone. Awesome Mint (UAE Version),Null,https://m.media-amazon.com/images/I/81Eqrz2tKKL._AC_UL320_.jpg
Samsung Galaxy A03-32GB -3GBRam - Black,Null,https://m.media-amazon.com/images/I/41Tvjk2uHQL._AC_UL320_.jpg
Samsung Galaxy A23 LTE Android Smartphone. 128GB. 6GB RAM. Dual Sim Mobile Phone - Peach,EGP 6899.00,https://m.media-amazon.com/images/I/81Afp6tG-QL._AC_UL320_.jpg
Samsung Galaxy A23 LTE Android Smartphone. 128GB. 4GB RAM. Dual SIM Mobile Phone. White,EGP 6199.00,https://m.media-amazon.com/images/I/81iw7GsgIlL._AC_UL320_.jpg
Samsung Galaxy S22 Ultra 5G Mobile Phone 256GB. 12GB RAM. SIM Free Android Smartphone Black,EGP 32750.00,https://m.media-amazon.com/images/I/71TR4hXkNaL._AC_UL320_.jpg
Samsung Galaxy M12 Dual SIM Mobile - 6.5 inches. 4GB RAM. 128GB - Black,Null,https://m.media-amazon.com/images/I/71K-bczTzGS._AC_UL320_.jpg
Samsung Galaxy A03 Dual Sim Mobile. 6.5 Inches. 64 GB. 4 GB RAM. 4G LTE - BLACK,Null,https://m.media-amazon.com/images/I/61SIrKmYcTL._AC_UL320_.jpg
Samsung Galaxy Note 20 Mobile Phone. Hybrid Dual SIM. 6.9 Inch. 256 GB. 8 GB RAM. 4G LTE. MYSTIC BRONZE,Null,https://m.media-amazon.com/images/I/71W6cRhl8dL._AC_UL320_.jpg
Samsung USB-C Data Charging Cable for Galaxy S9/S9+/Note 9/S8/S8+ - Black EP-DG950CBE- 100% Original - Bulk Packaging,EGP 87.00,https://m.media-amazon.com/images/I/51HAo2UmX1L._AC_UL320_.jpg
Samsung S21 Ultra Dual SIM - 6.8 Inch. 256 GB. 12 GB RAM. 5G - Phantom Silver,EGP 27500.00,https://m.media-amazon.com/images/I/71m2N2ehgyL._AC_UL320_.jpg
Samsung Galaxy S21 Ultra Dual SIM Mobile - 6.8 Inches. 256 GB. 12 GB RAM. 5G - Silver,Null,https://m.media-amazon.com/images/I/71AeJBm9h1L._AC_UL320_.jpg
Samsung Galaxy Z Flip3 5G Dual SIM Smartphone. 256GB Storage and 8GB RAM. Lavender. 1-Year Warranty,Null,https://m.media-amazon.com/images/I/41DjllzQx0L._AC_UL320_.jpg
Samsung Galaxy A23 LTE Android Smartphone. 128GB. 6GB RAM. Dual Sim Mobile Phone - Peach,EGP 6899.00,https://m.media-amazon.com/images/I/81Afp6tG-QL._AC_UL320_.jpg
Samsung Galaxy A23 LTE Android Smartphone. 128GB. 4GB RAM. Dual SIM Mobile Phone. White,EGP 6199.00,https://m.media-amazon.com/images/I/81iw7GsgIlL._AC_UL320_.jpg
Samsung Galaxy S22 Ultra 5G Mobile Phone 256GB. 12GB RAM. SIM Free Android Smartphone Black,EGP 32750.00,https://m.media-amazon.com/images/I/71TR4hXkNaL._AC_UL320_.jpg
Samsung A03 4GB Ram. 64GB - Blue,Null,https://m.media-amazon.com/images/I/41MbxR2-3+L._AC_UL320_.jpg
Samsung Galaxy S22 Ultra Dual SIM Phantom Burgundy 12GB RAM 512GB 5G,EGP 44000.00,https://m.media-amazon.com/images/I/6147H3fccSL._AC_UL320_.jpg
Samsung Galaxy M22. 4GB RAM. 128GB.6.4 inch.Dual SIM. Blue,EGP 5999.00,https://m.media-amazon.com/images/I/61bvjVJPaLL._AC_UL320_.jpg
Samsung SM-A035FZBDMEB Galaxy-A03 BLUE,Null,https://m.media-amazon.com/images/I/41CReyhGy3L._AC_UL320_.jpg
SAMSUNG galaxy s22 ultra 8+128gb,EGP 34700.00,https://m.media-amazon.com/images/I/71AyFTtR5KL._AC_UL320_.jpg
SAMSUNG Galaxy Note 20 Ultra Dual SIM 12GB RAM 256GB 5G (Mystic Bronze),Null,https://m.media-amazon.com/images/I/61GNl-+TAuL._AC_UL320_.jpg
Samsung Galaxy A02 Dual SIM Smartphone. 32GB 3GB RAM LTE. Red,EGP 4440.00,https://m.media-amazon.com/images/I/81pDmZ89ifL._AC_UL320_.jpg
Samsung Galaxy A23 LTE Android Smartphone. 128GB. 6GB RAM. Dual Sim Mobile Phone - Peach,EGP 6899.00,https://m.media-amazon.com/images/I/81Afp6tG-QL._AC_UL320_.jpg
Samsung Galaxy A23 LTE Android Smartphone. 128GB. 4GB RAM. Dual SIM Mobile Phone. White,EGP 6199.00,https://m.media-amazon.com/images/I/81iw7GsgIlL._AC_UL320_.jpg
Samsung Galaxy S22 Ultra 5G Mobile Phone 256GB. 12GB RAM. SIM Free Android Smartphone Black,EGP 32750.00,https://m.media-amazon.com/images/I/71TR4hXkNaL._AC_UL320_.jpg
Samsung Galaxy Note 20 Ultra. Dual SIM. 6.9 Inch. 256 GB. 12 GB RAM. 5G - Mystic Black,EGP 27900.00,https://m.media-amazon.com/images/I/41BbUOZJgBL._AC_UL320_.jpg
Samsung Galaxy S22+ 5G Mobile Phone 256GB. 8GB RAM. SIM Free Android Smartphone Pink Gold with Wireless car charger & 1 Year Screen Warranty,Null,https://m.media-amazon.com/images/I/71k6Kn8sy5L._AC_UL320_.jpg
Samsung Galaxy Note 10 Plus - 256GB. 12GB RAM. 4G. Aura Black,Null,https://m.media-amazon.com/images/I/61ukahZeyVL._AC_UL320_.jpg
Samsung Micro USB Charging Data Cable for Samsung Galaxy Tab (ECB-DU4EWE),EGP 75.00,https://m.media-amazon.com/images/I/41aQEhQMGPL._AC_UL320_.jpg
Samsung Galaxy Note 10 Plus Dual SIM - 256GB. 12GB RAM. 4G LTE. Aura White,EGP 24000.00,https://m.media-amazon.com/images/I/71XEqA66YSL._AC_UL320_.jpg
Samsung Galaxy Note 10 Dual SIM - 256GB. 8GB RAM. 4G LTE. Aura Glow,EGP 21300.00,https://m.media-amazon.com/images/I/317MYGmu2BL._AC_UL320_.jpg
Samsung Galaxy A03 Core (Blue. 2GB RAM. 32GB Storage) Without Offer,EGP 4430.00,https://m.media-amazon.com/images/I/51Kai61wrsL._AC_UL320_.jpg
Samsung Galaxy A23 LTE Android Smartphone. 128GB. 6GB RAM. Dual Sim Mobile Phone - Peach,EGP 6899.00,https://m.media-amazon.com/images/I/81Afp6tG-QL._AC_UL320_.jpg
Samsung Galaxy A23 LTE Android Smartphone. 128GB. 4GB RAM. Dual SIM Mobile Phone. White,EGP 6199.00,https://m.media-amazon.com/images/I/81iw7GsgIlL._AC_UL320_.jpg
Samsung Galaxy S22 Ultra 5G Mobile Phone 256GB. 12GB RAM. SIM Free Android Smartphone Black,EGP 32750.00,https://m.media-amazon.com/images/I/71TR4hXkNaL._AC_UL320_.jpg
Samsung Galaxy s10 plus dual sim prism silver limited special edition global version international warranty 8GB ram 128 GB internal storage,EGP 35000.00,https://m.media-amazon.com/images/I/71weQzquM8L._AC_UL320_.jpg
Original Samsung USB Charging Data Cable for Samsung Galaxy Note. Galaxy Tab 2 and Galaxy Tab Devices (ECC1DP0UBEG) - 2 Pack,EGP 320.00,https://m.media-amazon.com/images/I/61jgB7U35+L._AC_UL320_.jpg
Two (2) OEM Samsung USB-C Data Charging Cables for Galaxy S9/S9 Plus/S8/S8+/Note8 - Black EP-DG950CBE- Bulk Packaging,EGP 199.00,https://m.media-amazon.com/images/I/51uXlkYr7VL._AC_UL320_.jpg
Samsung OEM 5-Feet Micro USB Data Sync Charging Cables for Galaxy S3/S4 - Non-Retail Packaging - White,EGP 65.00,https://m.media-amazon.com/images/I/31MIt1OzqjL._AC_UL320_.jpg
Samsung Data Cable for Smartphones with Micro USB - Non-Retail Packaging - White,EGP 75.00,https://m.media-amazon.com/images/I/619iuIcBonL._AC_UL320_.jpg
Samsung 3-Feet Micro USB Charging Data Cable - Non-Retail Packaging - White,EGP 75.00,https://m.media-amazon.com/images/I/31c7f6dRarL._AC_UL320_.jpg
Samsung Micro-USB Cable Cord for Samsung Galaxy S4 Note2,EGP 65.00,https://m.media-amazon.com/images/I/51ubngdr9WL._AC_UL320_.jpg
